ID,Source,Date,Headline,URL,Summary,Sentiment,clean_summary,sentiment_score,sentiment_label,dominant_topic,topic_label
1,Salam Watandar,2025-01-13,74 % of Afghan youths actively use AI for work and study,https://swn.af/en/2025/01/salam-watandar-survey-74-of-afghan-youths-actively-use-ai-for-work-study/,"Many Afghan youths are turning to AI for work and study, showing hope and optimism about its potential. The article highlights how AI is helping them learn faster and find new opportunities. ",,many afghan youth turning ai work study showing hope optimism potential article highlight ai helping learn faster find new opportunity,0.9153,Positive,1,"AI Tools, Media Coverage & Public Awareness"
2,Salam Watandar,2025-02-09,AI opens new avenue for Afghan youths seeking knowledge & skills,https://swn.af/en/2025/02/ai-opens-new-avenue-for-afghan-youths-seeking-knowledge-skills/,AI is opening new paths for Afghan youths to gain education and skills. The piece shows AI as a bridge to global knowledge despite the country’s limits. ,,ai opening new path afghan youth gain education skill piece show ai bridge global knowledge despite country limit,0.5267,Positive,2,"AI Policy, National Strategy & International Cooperation"
3,Salam Watandar,2024-12-07,AI gaining popularity among Afghan youths,https://swn.af/en/2024/12/exclusive-ai-gaining-popularity-among-afghan-youths/,AI tools are becoming common among Afghan students who see them as helpful for study and work. It highlights digital change among the young generation. ,,ai tool becoming common among afghan student see helpful study work highlight digital change among young generation,0.6369,Positive,1,"AI Tools, Media Coverage & Public Awareness"
4,Salam Watandar,2024-10-10,Nobel Prize in Physics goes to “godfathers” of AI and ChatGPT,https://swn.af/en/2024/10/nobel-prize-in-physics-goes-to-godfathers-of-ai-chatgpt/,"The Nobel Prize in Physics going to AI pioneers is celebrated as a global success, reflecting a positive outlook toward technological progress. ",,nobel prize physic going ai pioneer celebrated global success reflecting positive outlook toward technological progress,0.9524,Positive,0,AI Adoption in Afghan Daily Life & Education
5,Pajhwok News,2025-05-09,"Afghan, Chinese officials discuss telecom & AI cooperation",https://pajhwok.com/2025/05/09/afghan-chinese-officials-discuss-telecom-ai-cooperation/,"Afghan and Chinese officials discussed cooperation in AI and telecom, suggesting a bright future for partnerships and digital growth. ",,afghan chinese official discussed cooperation ai telecom suggesting bright future partnership digital growth,0.6705,Positive,2,"AI Policy, National Strategy & International Cooperation"
6,Pajhwok News,2025-08-13,Daikundi girls learn new skills via educational AI apps,https://pajhwok.com/2025/08/13/daikundi-girls-learn-new-skills-via-educational-ai-apps/,Girls in Daikundi province are using AI-based educational apps to learn new skills. The story gives a strong sense of hope and empowerment. ,,girl daikundi province using aibased educational apps learn new skill story give strong sense hope empowerment,0.7351,Positive,2,"AI Policy, National Strategy & International Cooperation"
7,Pajhwok News,2021-07-23,The Guidance Robot launched in the Grand Mosque,https://pajhwok.com/2021/07/23/410749/,A “Guidance Robot” launched in a mosque symbolizes early innovation and creative use of AI in Afghanistan. ,,guidance robot launched mosque symbolizes early innovation creative use ai afghanistan,0.7184,Positive,1,"AI Tools, Media Coverage & Public Awareness"
8,Pajhwok News,2025-09-08,8 master’s & 4 PhD programmes launched in AI-related fields,https://pajhwok.com/2025/09/08/8-masters-4-phd-programmes-launched-in-5-varsities/,Afghanistan launched new master’s and PhD programs in AI-related fields. The article reflects ambition and a move toward academic progress. ,,afghanistan launched new master phd program airelated field article reflects ambition move toward academic progress,0.5106,Positive,2,"AI Policy, National Strategy & International Cooperation"
9,Pajhwok News,2025-08-23,Innovation & Technology category page (multiple AI articles),https://pajhwok.com/category/innovation-technology/,"This section covers general AI and tech developments in Afghanistan, with an overall neutral but forward-looking tone.",,section cover general ai tech development afghanistan overall neutral forwardlooking tone,0.0,Neutral,2,"AI Policy, National Strategy & International Cooperation"
10,TOLOnews,2025-01-24,UN agencies call for end to ban on girls’ education (AI learning angle),https://tolonews.com/afghanistan-192757,The story focuses on the ban on girls’ education but notes how AI learning platforms could offer temporary help. The tone mixes concern with cautious optimism. ,,story focus ban girl education note ai learning platform could offer temporary help tone mix concern cautious optimism,0.296,Positive,1,"AI Tools, Media Coverage & Public Awareness"
11,TOLOnews,2023-12-02,Works by robotic artist fetched over $1 M at debut show (Ai-Da),https://tolonews.com/index.php/science-technology/works-robotic-artist-fetched-over-1m-debut-show,The article reports on a robotic artist’s debut show where AI-created artworks sold for over $1 million. It highlights the creativity and commercial success of AI-driven art. ,,article report robotic artist debut show aicreated artwork sold million highlight creativity commercial success aidriven art,0.8271,Positive,0,AI Adoption in Afghan Daily Life & Education
12,TOLOnews,2024-05-16,NFT digital artwork by humanoid robot Sophia up for auction,https://tolonews.com/science-technology-170919,This piece covers humanoid robot Sophia auctioning her digital artwork as NFTs. It presents AI as a revolutionary force in art and technology. ,,piece cover humanoid robot sophia auctioning digital artwork nfts present ai revolutionary force art technology,0.0,Neutral,1,"AI Tools, Media Coverage & Public Awareness"
13,TOLOnews,2024-04-07,Google to open Artificial Intelligence Center in China,https://tolonews.com/science-technology/google-open-artificial-intelligence-center-china,The article announces Google’s plan to open an AI research center in China. It focuses on AI growth in Asia and possible benefits for neighboring regions. ,,article announces google plan open ai research center china focus ai growth asia possible benefit neighboring region,0.6808,Positive,2,"AI Policy, National Strategy & International Cooperation"
14,TOLOnews,2025-03-27,Kim Jong Un touts AI drones & early-warning aircraft,https://tolonews.com/world-193633,"North Korea’s use of AI drones and military tech is described with concern, suggesting risks and threats linked to AI misuse in warfare. ",,north korea use ai drone military tech described concern suggesting risk threat linked ai misuse warfare,-0.7717,Negative,1,"AI Tools, Media Coverage & Public Awareness"
15,TOLOnews,2025-09-19,Science & Technology landing page,https://tolonews.com/science-technology,"This category page lists science and technology updates, including AI innovations and ethical issues. It carries a neutral and informative tone. ",,category page list science technology update including ai innovation ethical issue carry neutral informative tone,0.7096,Positive,1,"AI Tools, Media Coverage & Public Awareness"
16,Ariana News,2025-05-09,MCC Chief: Afghan cadres sent to China for AI training,https://www.ariananews.af/mcc-chief-afghan-cadres-sent-to-china-for-ai-training/,Afghan trainees are sent to China for AI training programs. The report emphasizes skill development and international cooperation. ,,afghan trainee sent china ai training program report emphasizes skill development international cooperation,0.0,Neutral,2,"AI Policy, National Strategy & International Cooperation"
17,Ariana News,2025-05-26,Iran to use AI in securing border with Afghanistan,https://www.ariananews.af/iran-to-use-ai-in-securing-border-with-afghanistan/,"Iran plans to use AI for border security with Afghanistan. The tone is factual, highlighting technology use for safety, without clear positive or negative judgment. ",,iran plan use ai border security afghanistan tone factual highlighting technology use safety without clear positive negative judgment,0.4749,Positive,0,AI Adoption in Afghan Daily Life & Education
18,Ariana News,2024-03-22,UN adopts first global AI resolution,https://www.ariananews.af/un-adopts-first-global-artificial-intelligence-resolution/,"The UN adopts its first global AI resolution, focusing on responsible and ethical AI use. The article carries an encouraging and progressive tone. ",,un adopts first global ai resolution focusing responsible ethical ai use article carry encouraging progressive tone,0.8658,Positive,0,AI Adoption in Afghan Daily Life & Education
19,Ariana News,2023-03-29,"Elon Musk and others urge AI pause, citing “risks to society”",https://www.ariananews.af/elon-musk-and-others-urge-ai-pause-citing-risks-to-society/,"Elon Musk and other experts call for an AI development pause, warning about potential dangers. The article expresses concern about AI’s rapid growth. ",,elon musk expert call ai development pause warning potential danger article express concern ai rapid growth,-0.4939,Negative,2,"AI Policy, National Strategy & International Cooperation"
20,Ariana News,2023-09-11,Meta developing new AI system,https://www.ariananews.af/meta-developing-new-more-powerful-ai-system-wsj-reports/,"Meta is developing a new advanced AI system, showing competition in the tech world. The tone is positive, focusing on innovation. ",,meta developing new advanced ai system showing competition tech world tone positive focusing innovation,0.802,Positive,1,"AI Tools, Media Coverage & Public Awareness"
21,Ariana News,2025-07-09,AI impersonator posed as US Secretary of State Rubio,https://www.ariananews.af/ai-impersonator-posed-as-us-secretary-of-state-rubio-contacted-foreign-ministers/,"An AI impersonator pretended to be a U.S. official, contacting foreign ministers. The article highlights AI-related security risks and misinformation threats. ",,ai impersonator pretended u official contacting foreign minister article highlight airelated security risk misinformation threat,-0.4588,Negative,1,"AI Tools, Media Coverage & Public Awareness"
22,Khaama Press,2024-09-01,Iran deploys AI and surveillance to secure border with Afghanistan,https://www.khaama.com/iran-deploys-ai-and-surveillance-to-secure-border-with-afghanistan/,"Iran is using AI and surveillance tools to secure its border with Afghanistan. The article is neutral, focusing on practical applications of technology in security. ",,iran using ai surveillance tool secure border afghanistan article neutral focusing practical application technology security,0.5859,Positive,1,"AI Tools, Media Coverage & Public Awareness"
23,Khaama Press,2024-02-11,Bridging the Digital Divide: Afghanistan’s urgent quest for tech empowerment,https://www.khaama.com/bridging-the-digital-divide-afghanistans-urgent-quest-for-technological-empowerment-in-the-age-of-innovation/,"The article discusses Afghanistan’s struggle to bridge the digital divide, stressing the importance of technology and AI for empowerment. It conveys cautious optimism. ",,article discus afghanistan struggle bridge digital divide stressing importance technology ai empowerment conveys cautious optimism,0.2023,Positive,1,"AI Tools, Media Coverage & Public Awareness"
24,Khaama Press,2023-08-10,Navigating AI impacts on less developed countries & labour,https://www.khaama.com/navigating-the-impacts-of-ai-on-less-developed-countries-and-labor-markets/,AI’s effects on developing countries and labor markets are discussed. The piece warns about automation risks but also mentions opportunities. ,,ai effect developing country labor market discussed piece warns automation risk also mention opportunity,0.0772,Positive,2,"AI Policy, National Strategy & International Cooperation"
25,Khaama Press,2025-04-23,Businesses shift to AI-powered CRMs as digital skills rise,https://www.khaama.com/businesses-adopt-ai-crm-digital-skills-demand/,Afghan businesses are adopting AI-powered CRM systems as digital skills rise. The article is optimistic about modernization and efficiency. ,,afghan business adopting aipowered crm system digital skill rise article optimistic modernization efficiency,0.5859,Positive,0,AI Adoption in Afghan Daily Life & Education
26,Khaama Press,2025-07-01,Researchers warn superintelligent AI could end humanity,https://www.khaama.com/researchers-warn-superintelligent-ai-could-end-humanity/,Researchers warn that superintelligent AI could threaten humanity. The story is written with fear and skepticism toward advanced AI.,,researcher warn superintelligent ai could threaten humanity story written fear skepticism toward advanced ai,-0.7351,Negative,1,"AI Tools, Media Coverage & Public Awareness"
27,Khaama Press,2024-09-07,Iran seizes 151 kg narcotics near Afghan border — AI surveillance used,https://www.khaama.com/iran-seizes-151-kilograms-of-narcotics-near-afghanistan-border/,"Iran’s AI-based surveillance system helps stop narcotics trafficking near the Afghan border. The tone is neutral, focusing on functional AI use. ",,iran aibased surveillance system help stop narcotic trafficking near afghan border tone neutral focusing functional ai use,0.128,Positive,0,AI Adoption in Afghan Daily Life & Education
28,Khaama Press,2024-10-20,Iranian official: 300 km border wall — AI to enhance security,https://www.khaama.com/iranian-official-says-300km-border-wall-with-afghanistan-to-be-completed-in-3-years/,Iranian officials plan to use AI for a new border wall to strengthen security with Afghanistan. The tone is neutral and factual. ,,iranian official plan use ai new border wall strengthen security afghanistan tone neutral factual,0.5719,Positive,2,"AI Policy, National Strategy & International Cooperation"
29,Khaama Press,2020-12-09,ECO members discuss AI for border and security cooperation,https://www.khaama.com/eco-members-hold-security-and-border-talks-in-tehran-after-15-year-gap/,ECO members discuss using AI for regional border and security cooperation. The article has a positive diplomatic tone toward regional collaboration. ,,eco member discus using ai regional border security cooperation article positive diplomatic tone toward regional collaboration,0.7184,Positive,2,"AI Policy, National Strategy & International Cooperation"
30,Outlook Afghanistan,2018-09-26,The Promise and Pitfalls of AI,https://outlookafghanistan.net/topics.php?post_id=21883,"This opinion piece explores AI’s promise and risks, noting both opportunities for growth and potential job losses. The tone is balanced and reflective. ",,opinion piece explores ai promise risk noting opportunity growth potential job loss tone balanced reflective,0.5106,Positive,1,"AI Tools, Media Coverage & Public Awareness"
31,Outlook Afghanistan,2019-09-22,How AI Can Promote Social Good,https://outlookafghanistan.net/topics.php?post_id=24582,"The article discusses how AI can be used for social good, such as improving education, healthcare, and governance. It presents a very optimistic tone about AI’s potential. ",,article discus ai used social good improving education healthcare governance present optimistic tone ai potential,0.7906,Positive,1,"AI Tools, Media Coverage & Public Awareness"
32,Outlook Afghanistan,2020-01-29,The Power of AI in Emerging Markets,https://outlookafghanistan.net/topics.php?post_id=26248,This piece explains how AI can drive growth in emerging markets like Afghanistan. It highlights economic and social benefits with an encouraging tone. ,,piece explains ai drive growth emerging market like afghanistan highlight economic social benefit encouraging tone,0.9169,Positive,2,"AI Policy, National Strategy & International Cooperation"
33,Bakhtar News,2025-05-08,Minister of Communications emphasizes AI development in Afghanistan,https://www.bakhtarnews.af/en/page/94/?news=6965&random-post=1,Afghanistan’s Minister of Communications emphasizes developing AI in the country. The article portrays AI as a national priority for modernization. ,,afghanistan minister communication emphasizes developing ai country article portrays ai national priority modernization,0.0,Neutral,2,"AI Policy, National Strategy & International Cooperation"
34,Bakhtar News,2025-01-30,Afghan Ambassador attends International Conference on AI (Tehran),https://www.bakhtarnews.af/en/page/160/?news=5802&random-post=1,"Afghanistan’s ambassador attends an international AI conference in Tehran, signaling growing involvement in regional tech cooperation. The article is upbeat and confident.",,afghanistan ambassador attends international ai conference tehran signaling growing involvement regional tech cooperation article upbeat confident,0.5994,Positive,2,"AI Policy, National Strategy & International Cooperation"
35,Bakhtar News,2024-09-11,Kabul University seminar on AI applications in medicine & research,https://www.bakhtarnews.af/en/page/255/?news=2948&random-post=1,A Kabul University seminar focuses on AI applications in medicine and research. The story has a forward-looking and positive tone. ,,kabul university seminar focus ai application medicine research story forwardlooking positive tone,0.5574,Positive,1,"AI Tools, Media Coverage & Public Awareness"
36,VOA News,2025-10-09,IS turns to AI for advanced propaganda (region incl. Afghanistan),https://www.voanews.com/a/is-turns-to-artificial-intelligence-for-advanced-propaganda-amid-territorial-defeats/7624397.html,The article warns that ISIS and other groups are turning to AI for propaganda and recruitment. It highlights security risks and misuse of AI. ,,article warns isi group turning ai propaganda recruitment highlight security risk misuse ai,0.0772,Positive,1,"AI Tools, Media Coverage & Public Awareness"
37,VOA News,2024-08-15,Volunteer network uses AI translation to help refugees communicate,https://www.voanews.com/a/hold-for-wknd-volunteer-network-of-interpreters-hopes-to-make-refugees-languages-more-accessible-via-ai/7793003.html,A volunteer network uses AI translation tools to help refugees communicate. The story carries a positive humanitarian message about AI use for good causes. ,,volunteer network us ai translation tool help refugee communicate story carry positive humanitarian message ai use good cause,0.8481,Positive,1,"AI Tools, Media Coverage & Public Awareness"
38,Reuters,2021-08-20,"Afghans scramble to delete digital history, evade biometrics",https://www.reuters.com/article/afghanistan-tech-conflict/afghans-scramble-to-delete-digital-history-evade-biometrics-idUSL8N2PO1FH/,"Afghans are deleting digital records to avoid Taliban tracking. It shows fear and mistrust in technology, portraying AI and biometrics as potential threats. ",,afghan deleting digital record avoid taliban tracking show fear mistrust technology portraying ai biometrics potential threat,-0.8316,Negative,2,"AI Policy, National Strategy & International Cooperation"
39,UNDP Afghanistan,2024-04-30,AI for Development: Opportunities & Challenges in Afghanistan,https://www.undp.org/afghanistan,This report discusses how AI can support Afghanistan’s development by improving efficiency in governance and education. The message is constructive and hopeful.,,report discus ai support afghanistan development improving efficiency governance education message constructive hopeful,0.8834,Positive,1,"AI Tools, Media Coverage & Public Awareness"
40,UNESCO,2024-01-24,International Education Day: AI and Education for Sustainable Futures,https://www.unesco.org/,The article highlights AI’s role in building sustainable education systems. It shows how AI supports learning and innovation. ,,article highlight ai role building sustainable education system show ai support learning innovation,0.7717,Positive,2,"AI Policy, National Strategy & International Cooperation"
41,World Bank Blogs,2023-12-20,AI Potential in Emerging Economies (Afghanistan mention),https://blogs.worldbank.org/,"The article discusses how AI can boost productivity in emerging economies, including Afghanistan. It takes a positive stance on AI’s potential for economic growth. ",,article discus ai boost productivity emerging economy including afghanistan take positive stance ai potential economic growth,0.836,Positive,1,"AI Tools, Media Coverage & Public Awareness"
42,Al Jazeera English,2024-10-02,Digital divide and AI policy in South Asia (Afghanistan context),https://www.aljazeera.com/,"This piece examines the digital divide in South Asia and Afghanistan, showing concern about unequal access to AI and technology. The tone is cautious but constructive.",,piece examines digital divide south asia afghanistan showing concern unequal access ai technology tone cautious constructive,-0.4215,Negative,1,"AI Tools, Media Coverage & Public Awareness"
43,DW (Deutsche Welle),2024-07-22,Technology in crisis regions: Afghanistan’s youth and AI adoption,https://www.dw.com/,"The article reports on Afghan youth adopting new technologies, including AI, as a tool for empowerment and creativity. The tone is hopeful and encouraging. ",,article report afghan youth adopting new technology including ai tool empowerment creativity tone hopeful encouraging,0.8519,Positive,0,AI Adoption in Afghan Daily Life & Education
44,Eurasian Times,2024-09-28,Central Asia & Afghanistan: AI cooperation trends,https://eurasiantimes.com/,It highlights regional cooperation between Central Asia and Afghanistan on AI research and trade. The piece has a forward-looking and optimistic tone. ,,highlight regional cooperation central asia afghanistan ai research trade piece forwardlooking optimistic tone,0.5719,Positive,2,"AI Policy, National Strategy & International Cooperation"
45,CGTN (China),2025-04-12,Afghanistan joins regional AI cooperation program,https://www.cgtn.com/,"Afghanistan’s participation in a regional AI cooperation program is discussed, showing progress and international collaboration. The article’s tone is positive and diplomatic. ",,afghanistan participation regional ai cooperation program discussed showing progress international collaboration article tone positive diplomatic,0.7506,Positive,2,"AI Policy, National Strategy & International Cooperation"
46,ANI News (India),2025-03-19,India–Afghanistan ties: technology & AI training cooperation,https://www.aninews.in/,India and Afghanistan strengthen ties through technology and AI training partnerships. The report reflects regional friendship and opportunity. ,,india afghanistan strengthen tie technology ai training partnership report reflects regional friendship opportunity,0.7906,Positive,1,"AI Tools, Media Coverage & Public Awareness"
47,Global Times (China),2025-02-14,China–Afghanistan AI training partnership highlights regional growth,https://www.globaltimes.cn/,"This article emphasizes AI cooperation between China and Afghanistan, focusing on education and technical growth. It’s optimistic about mutual benefits. ",,article emphasizes ai cooperation china afghanistan focusing education technical growth optimistic mutual benefit,0.7845,Positive,2,"AI Policy, National Strategy & International Cooperation"
48,Tasnim News (Iran),2024-08-30,Iran AI development linked to border security cooperation with Afghanistan,https://www.tasnimnews.com/en/,"Iran’s AI developments are linked to regional security, including the Afghan border. The article is factual, neither praising nor criticizing AI. ",,iran ai development linked regional security including afghan border article factual neither praising criticizing ai,0.168,Positive,2,"AI Policy, National Strategy & International Cooperation"
49,Law Gratis,2025-05-04,Artificial Intelligence (AI) Law in Afghanistan is currently in a nascent or undeveloped state.,https://www.lawgratis.com/blog-detail/artificial-intelligence-law-at-afghanistan,"The article explains that Afghanistan currently lacks developed AI laws, pointing out a major policy gap. The tone is analytical and slightly critical. ",,article explains afghanistan currently lack developed ai law pointing major policy gap tone analytical slightly critical,-0.5118,Negative,2,"AI Policy, National Strategy & International Cooperation"
50,Moore ,2024-10-28,Moore Afghanistan is offering innovative and effective Artificial Intelligence (AI) solutions to helps client’s business be agile and smart.,https://www.moore.af/services/technology-services/artificial-intelligence,"Moore Afghanistan offers AI-based business solutions to clients, presenting AI as a smart and practical tool for companies. The tone is confident and commercial. ",,moore afghanistan offer aibased business solution client presenting ai smart practical tool company tone confident commercial,0.802,Positive,1,"AI Tools, Media Coverage & Public Awareness"
51,Asa.gov,2025-07-13,"The Role of Artificial Intelligence in Social Media.while AI brings numerous benefits, it also poses serious challenges including violations, algorithmic bias, and psychological risks.",https://asa.gov.af/index.php/en/role-artificial-intelligence-social-media,The article explores how AI impacts social media in Afghanistan. It praises AI’s benefits for content management but warns about algorithmic bias and psychological risks. ,,article explores ai impact social medium afghanistan praise ai benefit content management warns algorithmic bias psychological risk,0.5719,Positive,2,"AI Policy, National Strategy & International Cooperation"
52,Asa.gov,2025-07-13,Legal Challenges To The Use Of Artificial Intelligence In Afghanistan,https://asa.gov.af/en/legal-challenges-use-artificial-intelligence-afghanistan,"This piece outlines legal challenges facing AI use in Afghanistan, pointing to the absence of regulation and potential misuse. It takes a cautionary and critical tone. ",,piece outline legal challenge facing ai use afghanistan pointing absence regulation potential misuse take cautionary critical tone,-0.128,Negative,2,"AI Policy, National Strategy & International Cooperation"
53,US army war college publications ,2024-05-29,Raven Sentry: Employing AI for Indications and Warnings in Afghanistan,https://publications.armywarcollege.edu/News/Display/Article/3789950/raven-sentry-employing-ai-for-indications-and-warnings-in-afghanistan/,The article discusses the use of AI for surveillance and early warning in Afghanistan’s conflict zones. It highlights both security potential and ethical concerns. ,,article discus use ai surveillance early warning afghanistan conflict zone highlight security potential ethical concern,0.5267,Positive,1,"AI Tools, Media Coverage & Public Awareness"
54,AI world,2025-02-05,"Afghanistan is laying the groundwork for potential AI development by focusing on digital infrastructure, improving technical education, and fostering partnerships with international tech organizations.",https://aiworld.eu/geo/afghanistan,This article describes how Afghanistan is laying the groundwork for AI development through infrastructure and education improvements. The tone is optimistic about progress. ,,article describes afghanistan laying groundwork ai development infrastructure education improvement tone optimistic progress,0.7964,Positive,2,"AI Policy, National Strategy & International Cooperation"
55,Medium,2025-07-15,Shabana Basij-Rasikh and Mati Amin believe that AI can help restore the right to education for Afghan girls.,https://medium.com/patrick-j-mcgovern-foundation/shabana-basij-rasikh-and-mati-amin-believe-that-ai-can-help-restore-the-right-to-education-for-75ef744ca308,Afghan education advocates discuss how AI could restore girls’ access to learning. The story is hopeful and emotionally positive. ,,afghan education advocate discus ai could restore girl access learning story hopeful emotionally positive,0.8442,Positive,1,"AI Tools, Media Coverage & Public Awareness"
56,Context,2023-08-15,Can AI help Afghans at risk from the Taliban?,https://www.context.news/ai/opinion/can-ai-help-afghans-at-risk-from-the-taliban,"The article questions whether AI can protect Afghans at risk from the Taliban. It raises concerns about security, privacy, and misuse.",,article question whether ai protect afghan risk taliban raise concern security privacy misuse,0.4404,Positive,0,AI Adoption in Afghan Daily Life & Education
57,UNESCO,2021-10-10,"Scientific publishing in Afghanistan has surged since 2016, according to the UNESCO Science Report (2021). ",https://www.unesco.org/en/articles/need-protect-gains-afghan-science,"UNESCO reports a rise in Afghan scientific publications since 2016, linking it to global digital transformation and innovation. The tone is optimistic and proud. ",,unesco report rise afghan scientific publication since linking global digital transformation innovation tone optimistic proud,0.7906,Positive,2,"AI Policy, National Strategy & International Cooperation"
58,SSOAR ,2022-05-23,Artificial Intelligence-based SMS Voting in Afghanistan: Past and Future Prospects,https://www.ssoar.info/ssoar/bitstream/handle/document/78287/ssoar-2022-faqiryar-Artificial_Intelligence-based_SMS_Voting_in.pdf?sequence=1&isAllowed=y&lnkname=ssoar-2022-faqiryar-Artificial_Intelligence-based_SMS_Voting_in.pdf,"A research paper discusses AI-based SMS voting in Afghanistan, highlighting innovation in civic engagement. The tone is academic but forward-looking. ",,research paper discus aibased sm voting afghanistan highlighting innovation civic engagement tone academic forwardlooking,0.6808,Positive,1,"AI Tools, Media Coverage & Public Awareness"
59,HEINRICH BÖLL STIFTUNG BRUSSELS,2021-11-08,The US military’s use of biometrics in Afghanistan,https://eu.boell.org/en/2021/10/19/do-no-harm-how-case-afghanistan-sheds-light-dark-practice-biometric-intervention?amp,"This article criticizes the U.S. military’s use of biometric data in Afghanistan, warning about privacy violations and human rights concerns. ",,article criticizes u military use biometric data afghanistan warning privacy violation human right concern,-0.7906,Negative,2,"AI Policy, National Strategy & International Cooperation"
60,Global network on extremism and technology ,2025-06-18,Emerging Tech Trends by Terrorists in Afghanistan and Pakistan,https://gnet-research.org/2025/06/18/nascent-adoption-emerging-tech-trends-by-terrorists-in-afghanistan-and-pakistan/,The report studies how extremist groups in Afghanistan and Pakistan use emerging technologies like AI. It carries a serious and negative tone about risks.,,report study extremist group afghanistan pakistan use emerging technology like ai carry serious negative tone risk,-0.5574,Negative,0,AI Adoption in Afghan Daily Life & Education
61,Shamsullah Shams ,2023-01-26,"The current situation in Afghanistan is complex and multifaceted, involving political, social, economic, and humanitarian challenges. While AI and tools like ChatGPT cannot solve all these issues on their own, they can play a role in contributing to certain aspects of overcoming the challenges.",https://shamsullahshams.com/?p=150,The author reflects on Afghanistan’s complex challenges and notes that AI tools like ChatGPT can support small improvements in education and governance. The tone is cautiously hopeful. ,,author reflects afghanistan complex challenge note ai tool like chatgpt support small improvement education governance tone cautiously hopeful,0.8957,Positive,2,"AI Policy, National Strategy & International Cooperation"
62,UNOPS,2025-06-04,"UNOPS is a finalist at the 2025 AI for Good Impact Awards, honouring its cutting-edge use of artificial intelligence to transform mine action efforts and post-conflict recovery in Afghanistan, Colombia and beyond.",https://www.unops.org/news-and-stories/news/ai-innovation-transforms-mine-action,UNOPS is recognized for using AI to improve mine action and post-conflict recovery in Afghanistan. The article highlights humanitarian innovation. ,,unops recognized using ai improve mine action postconflict recovery afghanistan article highlight humanitarian innovation,0.7845,Positive,2,"AI Policy, National Strategy & International Cooperation"
63,IEEE explore,2024-08-05,Feasibility of AI-Supported Education Platforms in Afghanistan: Addressing Barriers to Women and Girls' Education,https://ieeexplore.ieee.org/document/10771581,"This study examines AI-supported education platforms for Afghan women, addressing barriers to learning. The tone is academic yet empowering. ",,study examines aisupported education platform afghan woman addressing barrier learning tone academic yet empowering,-0.128,Negative,0,AI Adoption in Afghan Daily Life & Education
64,Breaking DEFENSE,2020-12-07,AI In The Grey Zone: Afghan Lessons For Great Power Conflict,https://breakingdefense.com/2020/12/ai-in-the-grey-zone-afghan-lessons-for-great-power-conflict/,"The article analyzes AI’s military use in Afghanistan and lessons for global conflicts. It stresses risks and ethical concerns, showing a cautious tone. ",,article analyzes ai military use afghanistan lesson global conflict stress risk ethical concern showing cautious tone,-0.5106,Negative,1,"AI Tools, Media Coverage & Public Awareness"
65,Global history dialogues ,2024-06-11,"Our survey reveals that 34.8% of Afghan students perceive AI as hurting their decision-making skills. This finding underscores a growing concern that while AI tools can streamline tasks and provide quick solutions, they may also diminish students' ability to think critically and make independent decisions.","https://globalhistorydialogues.org/stories/exploring-the-harmful-impacts-of-ai-technology-on-afghan-students#:~:text=Our%20survey%20reveals%20that%2034.8,critically%20and%20make%20independent%20decisions.",A student survey finds that 34.8% of Afghan students believe AI harms critical thinking. The tone is reflective and highlights mixed feelings toward AI. ,,student survey find afghan student believe ai harm critical thinking tone reflective highlight mixed feeling toward ai,-0.4404,Negative,0,AI Adoption in Afghan Daily Life & Education
66,Reelmind,2025-08-06,Afghanistan vs. Pakistan: AI for Geopolitical Content Creation,https://reelmind.ai/blog/afghanistan-vs-pakistan-ai-for-geopolitical-content-creation,The article explores how AI is used for geopolitical content creation between Afghanistan and Pakistan. It’s analytical and balanced.,,article explores ai used geopolitical content creation afghanistan pakistan analytical balanced,0.2732,Positive,2,"AI Policy, National Strategy & International Cooperation"
67,Journal of research trends in social science and humanities,2024-02-25,Transforming Afghanistan: Enhancing Technology Access to Overcome Gender Discrimination,https://rcsdevelopment.org/index.php/aplikatif/article/view/344,"This paper discusses how improved technology access, including AI, can help reduce gender discrimination in Afghanistan. The tone is hopeful and reform-oriented.",,paper discus improved technology access including ai help reduce gender discrimination afghanistan tone hopeful reformoriented,0.8442,Positive,0,AI Adoption in Afghan Daily Life & Education
68,DGS,2025-05-19,Assessment of the LLM-based Chatbots on Student Engagement and Learning Outcomes in Afghanistan,https://proceedings.open.tudelft.nl/DGO2025/article/view/956,"A study evaluates chatbot-based learning in Afghan education, showing improvements in engagement and outcomes. The tone is supportive and research-focused. ",,study evaluates chatbotbased learning afghan education showing improvement engagement outcome tone supportive researchfocused,0.802,Positive,2,"AI Policy, National Strategy & International Cooperation"
69,Context,2023-08-15,Can AI help Afghans at risk from the Taliban?,https://www.context.news/ai/opinion/can-ai-help-afghans-at-risk-from-the-taliban,"Revisiting earlier discussion, this piece again raises doubts about AI’s role in protecting Afghans from Taliban threats. It conveys worry and skepticism.",,revisiting earlier discussion piece raise doubt ai role protecting afghan taliban threat conveys worry skepticism,-0.8689,Negative,2,"AI Policy, National Strategy & International Cooperation"
70,IJOER,2025-11-08,E-learning and Artificial Intelligence: A Solution to the Limitations of Educational Infrastructure in Afghanistan,https://international.aripi.or.id/index.php/IJER/article/view/394,The study argues that AI and e-learning can solve infrastructure problems in Afghan education. The article is analytical yet optimistic.,,study argues ai elearning solve infrastructure problem afghan education article analytical yet optimistic,-0.296,Negative,2,"AI Policy, National Strategy & International Cooperation"
71,Yahoo! News,2025-03-07,Afghan women forced to make do with AI friends ‘to give yourself fake hope’ under oppressive Taliban rule,https://ca.news.yahoo.com/afghan-women-forced-ai-friends-120822257.html,"The article describes Afghan women using AI chatbots for emotional support under Taliban restrictions. It shows sadness and resilience, with a tone of concern and empathy. ",,article describes afghan woman using ai chatbots emotional support taliban restriction show sadness resilience tone concern empathy,-0.1779,Negative,0,AI Adoption in Afghan Daily Life & Education
72,breaking defense,2020-12-07,AI In The Grey Zone: Afghan Lessons For Great Power Conflict,https://breakingdefense.com/2020/12/ai-in-the-grey-zone-afghan-lessons-for-great-power-conflict/,Reiterates AI’s role in military operations in Afghanistan and its ethical dilemmas. The article warns about AI’s misuse in warfare. ,,reiterates ai role military operation afghanistan ethical dilemma article warns ai misuse warfare,-0.0,Neutral,0,AI Adoption in Afghan Daily Life & Education
73,Salam Watandar,2025-01-14,Exploring Afghan youths’ awareness and use of AI,https://swn.af/en/2025/01/exclusive-exploring-afghan-youths-awareness-and-use-of-ai/,Explores Afghan youths’ awareness of AI and their curiosity about new technologies. It conveys optimism about learning and adaptation.,,explores afghan youth awareness ai curiosity new technology conveys optimism learning adaptation,0.5423,Positive,2,"AI Policy, National Strategy & International Cooperation"
74,Salam Watandar,2024-12-14,Afghan youths embrace digital marketing avenues (AI tools),https://swn.af/en/2024/12/afghan-youths-embrace-digital-marketing-avenues/,Covers Afghan youths’ use of AI in digital marketing and online business. The article has a confident and uplifting tone. ,,cover afghan youth use ai digital marketing online business article confident uplifting tone,0.4939,Positive,2,"AI Policy, National Strategy & International Cooperation"
75,Salam Watandar,2024-05-18,"Limited access to technology, internet for Afghan youths",https://swn.af/en/2024/05/limited-access-to-technology-internet-for-afghan-youths/,"Highlights limited access to technology and the internet for Afghan youths, pointing to structural barriers to AI adoption.",,highlight limited access technology internet afghan youth pointing structural barrier ai adoption,-0.0,Neutral,1,"AI Tools, Media Coverage & Public Awareness"
76,Pajhwok,2025-05-03,Afghan media’s role must be protected: UNESCO rep warns on AI risks,https://pajhwok.com/2025/05/03/afghan-medias-role-must-be-protected-otunbayeva/,UNESCO warns that Afghan media freedom must be protected as AI advances. The tone is serious but supportive of responsible technology use. ,,unesco warns afghan medium freedom must protected ai advance tone serious supportive responsible technology use,0.872,Positive,0,AI Adoption in Afghan Daily Life & Education
77,Pajhwok,2025-08-07,Kabul girl builds AI-based robot,https://pajhwok.com/2025/08/07/unshaken-by-polio-kabul-girl-on-path-of-innovation/,Tells the story of a Kabul girl building her own AI-based robot. The article is inspiring and celebrates innovation.,,tell story kabul girl building aibased robot article inspiring celebrates innovation,0.8442,Positive,1,"AI Tools, Media Coverage & Public Awareness"
78,Khaama Press,2023-01-16,UN employs technology to stop Afghanistan’s illicit opium cultivation,https://www.khaama.com/un-employ-technology-to-stop-afghanistans-illicit-opium-cultivation/,Describes UN efforts to use AI and satellite technology to monitor illegal opium cultivation in Afghanistan. The tone is practical and mildly hopeful. ,,describes un effort use ai satellite technology monitor illegal opium cultivation afghanistan tone practical mildly hopeful,-0.0772,Negative,2,"AI Policy, National Strategy & International Cooperation"
79,Khaama Press,2025-07-28,Afghan-led team wins at world’s largest AI hackathon in Paris,https://www.khaama.com/afghan-team-wins-worlds-largest-ai-hackathon/,Reports on an Afghan-led team winning a major international AI hackathon. It’s highly optimistic and proud of national achievement.,,report afghanled team winning major international ai hackathon highly optimistic proud national achievement,0.8545,Positive,0,AI Adoption in Afghan Daily Life & Education
80,ICTP (Trieste),2025-11-01,Artificial Intelligence for Afghan Students,https://www.ictp.it/about-ictp/media-centre/news/2025/ai-for-afghan-students,"Describes a workshop on AI for Afghan students, aiming to increase technical capacity and education. The tone is forward-looking and positive. ",,describes workshop ai afghan student aiming increase technical capacity education tone forwardlooking positive,0.7096,Positive,2,"AI Policy, National Strategy & International Cooperation"
81,TOLOnews,2023-09-01,"Amnesty Intl reacts to installation of 62,000 cameras in Kabul",https://tolonews.com/index.php/afghanistan-184911,"Amnesty International reacts to Kabul’s installation of 62,000 cameras using AI, expressing privacy and surveillance concerns.",,amnesty international reacts kabul installation camera using ai expressing privacy surveillance concern,0.0,Neutral,2,"AI Policy, National Strategy & International Cooperation"
82,UNESCO,2021-10-19,A need to protect the gains of Afghan science,https://www.unesco.org/en/articles/need-protect-gains-afghan-science,"Discusses the need to protect Afghanistan’s progress in science and innovation, encouraging continued research. The tone is supportive and positive. ",,discus need protect afghanistan progress science innovation encouraging continued research tone supportive positive,0.9451,Positive,0,AI Adoption in Afghan Daily Life & Education
83,UNDP,2024-06-06,5 Ways AI Can Help Crisis Response (Herat earthquake),https://www.undp.org/5-ways-ai-can-help-crisis-response-around-world,"Highlights how AI tools were used in crisis response after the Herat earthquake, showing AI’s value in humanitarian relief. ",,highlight ai tool used crisis response herat earthquake showing ai value humanitarian relief,0.4215,Positive,1,"AI Tools, Media Coverage & Public Awareness"
84,DID Press,2025-01-12,Taliban Leader Orders Expansion of AI Education in Universities,https://en.didpress.com/21162/,"Taliban leadership instructed universities to expand AI-related programs, signaling rising institutional interest in AI despite limited resources.",,taliban leadership instructed university expand airelated program signaling rising institutional interest ai despite limited resource,0.7154,Positive,1,"AI Tools, Media Coverage & Public Awareness"
85,ICTP,2025-11-01,Artificial Intelligence for Afghan Students,https://www.ictp.it/news/2025/11/artificial-intelligence-afghan-students,ICTP launched an AI training initiative providing Afghan students with machine learning and coding skills to support scientific development.,,ictp launched ai training initiative providing afghan student machine learning coding skill support scientific development,0.4939,Positive,0,AI Adoption in Afghan Daily Life & Education
86,8AM Daily,2025-07-03,From Classrooms to Apps: AI Transforms Language Learning in Afghanistan,https://8am.media/eng/from-classrooms-to-apps-ai-transforms-language-learning-in-afghanistan/,"AI-powered language learning apps are helping Afghans study despite education barriers, though poor connectivity remains a challenge.",,aipowered language learning apps helping afghan study despite education barrier though poor connectivity remains challenge,-0.0593,Negative,1,"AI Tools, Media Coverage & Public Awareness"
87,Yahoo News / DW,2025-08-15,Fake and AI-generated images circulating after quake in Afghanistan,https://uk.news.yahoo.com/fact-check-ai-fakes-circulating-190200007.html,"After a large earthquake, fake AI-generated images spread online, prompting fact-checkers to warn about misinformation during crises.",,large earthquake fake aigenerated image spread online prompting factcheckers warn misinformation crisis,-0.872,Negative,1,"AI Tools, Media Coverage & Public Awareness"
88,AFP Fact-Check,2025-11-11,AI-altered clip of Modi on Afghanistan–Pakistan conflict,https://factcheck.afp.com/doc.afp.com.833G2G3,"A viral clip falsely showing Modi discussing Afghan-Pak tensions was confirmed to be AI-manipulated, showing rising geopolitical deepfakes.",,viral clip falsely showing modi discussing afghanpak tension confirmed aimanipulated showing rising geopolitical deepfakes,-0.3182,Negative,1,"AI Tools, Media Coverage & Public Awareness"
89,arXiv,2023-10-12,Fatality Classification in Afghanistan’s Armed Conflicts: A BERT Approach,https://arxiv.org/abs/2310.08653,"Academic study using BERT to classify conflict-related fatalities in Afghan text data, demonstrating use of NLP in Afghan research.",,academic study using bert classify conflictrelated fatality afghan text data demonstrating use nlp afghan research,-0.6705,Negative,0,AI Adoption in Afghan Daily Life & Education
90,AP News,2025-08-23,Afghan women turn to online courses as Taliban bans education,https://apnews.com/article/afghanistan-taliban-greece-online-education-e8d25e4cd4bde9712a2d6a9da8478484,"With education restrictions in place, Afghan women increasingly rely on online and AI-enabled learning platforms for continued study.",,education restriction place afghan woman increasingly rely online aienabled learning platform continued study,-0.2732,Negative,0,AI Adoption in Afghan Daily Life & Education
91,CEDMO Hub,2025-09-10,AI-generated images misrepresented after Afghanistan earthquake,https://cedmohub.eu/ai-generated-images-misrepresented-as-real-photos-after-afghanistan-quake/,"Fact-checkers exposed AI-generated images shared as real earthquake photos, highlighting risks of misinformation in crisis reporting.",,factcheckers exposed aigenerated image shared real earthquake photo highlighting risk misinformation crisis reporting,-0.7506,Negative,1,"AI Tools, Media Coverage & Public Awareness"
92,The Quint,2025-10-18,AI-Manipulated Clip of Afghan FM Goes Viral,https://www.thequint.com/news/webqoof/ai-generated-clip-foreign-minister-muttaqi-temples-kabul-fact-check,"Deepfake video of Afghanistan’s foreign minister discussing sensitive topics went viral before being debunked, showing political misuse of AI.",,deepfake video afghanistan foreign minister discussing sensitive topic went viral debunked showing political misuse ai,0.0,Neutral,2,"AI Policy, National Strategy & International Cooperation"
93,Mashregh News,2025-10-02,Taliban Use AI-Generated Images for Military Propaganda,https://www.mashreghnews.ir/news/1763770,Report explains how the Taliban increasingly use AI-generated images and videos to exaggerate military capabilities. Analysts say these synthetic visuals distort reality and make fact-checking more difficult.,,report explains taliban increasingly use aigenerated image video exaggerate military capability analyst say synthetic visuals distort reality make factchecking difficult,-0.6597,Negative,1,"AI Tools, Media Coverage & Public Awareness"
94,Khabar Online,2025-10-01,AI Becomes the Taliban’s “New Weapon” Amid Tensions With Pakistan,https://www.khabaronline.ir/news/2140868,"Article describes AI-generated military visuals as a “new weapon” that allows the Taliban to project digital strength during tensions with Pakistan, influencing public perception more than actual hardware.",,article describes aigenerated military visuals new weapon allows taliban project digital strength tension pakistan influencing public perception actual hardware,-0.0772,Negative,1,"AI Tools, Media Coverage & Public Awareness"
95,Afghanistan International,2025-10-25,Study: AI Systems Sometimes Reinforce Harmful Human Behaviors,https://www.afintl.com/202510259978,News report on a global study showing AI chatbots can unintentionally reinforce harmful or deceptive behavior. Afghan experts warn local users not to treat AI responses as neutral or always safe.,,news report global study showing ai chatbots unintentionally reinforce harmful deceptive behavior afghan expert warn local user treat ai response neutral always safe,0.6369,Positive,0,AI Adoption in Afghan Daily Life & Education
96,Tabnak,2024-08-30,Iran Uses AI Surveillance to Block Informal Afghan Border Crossings,https://www.tabnak.ir/fa/news/1256680,Iran announces deployment of AI-based monitoring systems along its border with Afghanistan to detect informal crossings. The article raises questions about privacy and the impact on Afghan migrants.,,iran announces deployment aibased monitoring system along border afghanistan detect informal crossing article raise question privacy impact afghan migrant,0.0,Neutral,2,"AI Policy, National Strategy & International Cooperation"
97,Future-Afghanistan,2025-05-26,Iran Equips Afghan Borders With AI-Enhanced Monitoring Systems,https://future-afghanistan.com/fa/8634/,"Report explains how “smart border” technology, powered by AI and sensors, is used to track movement along the Afghanistan–Iran frontier. Analysts note both security benefits and human rights concerns.",,report explains smart border technology powered ai sensor used track movement along afghanistaniran frontier analyst note security benefit human right concern,0.7964,Positive,2,"AI Policy, National Strategy & International Cooperation"
98,Azadi Radio,2024-02-29,How Artificial Intelligence Works — and What Is Happening in Afghanistan,https://da.azadiradio.com/a/32841355.html,Feature article introduces the basics of AI and includes an interview with an Afghan woman working in technology. It highlights local curiosity about AI alongside fears of job displacement.,,feature article introduces basic ai includes interview afghan woman working technology highlight local curiosity ai alongside fear job displacement,-0.2023,Negative,2,"AI Policy, National Strategy & International Cooperation"
99,Azadi Radio,2023-10-23,AI-Generated Images Warn About the Consequences of Closed Schools,https://da.azadiradio.com/a/32650336.html,Afghan social media users share AI-generated images showing a dark future if girls’ schools remain closed. The visuals are used as symbolic warnings about the long-term effects of education bans.,,afghan social medium user share aigenerated image showing dark future girl school remain closed visuals used symbolic warning longterm effect education ban,-0.5859,Negative,2,"AI Policy, National Strategy & International Cooperation"
100,Azadi Radio,2024-12-06,Afghans Use AI-Generated Images to Protest Taliban Restrictions,https://da.azadiradio.com/a/33229322.html,"Article covers how Afghan users create and share AI-generated protest images online to criticise Taliban policies on rights, education, and economics, turning AI into a tool of digital resistance.",,article cover afghan user create share aigenerated protest image online criticise taliban policy right education economics turning ai tool digital resistance,-0.1531,Negative,1,"AI Tools, Media Coverage & Public Awareness"
101,Etilaat-e-Roz,2025-10-07,Afghanistan’s Absence From the Global AI Landscape,https://www.etilaatroz.com/243222/afghanistan-artificial-intelligence/,"Opinion piece argues that Afghanistan is largely missing from global AI development and datasets, warning that this “algorithmic invisibility” could marginalise the country in future digital decision-making.",,opinion piece argues afghanistan largely missing global ai development datasets warning algorithmic invisibility could marginalise country future digital decisionmaking,-0.7351,Negative,2,"AI Policy, National Strategy & International Cooperation"
102,Etilaat-e-Roz,2023-06-05,Artificial Intelligence: Competitor or Assistant to Humans?,https://www.etilaatroz.com/171897/,"Introductory article asking whether AI will compete with or assist humans. It reflects mixed Afghan views on automation, productivity, and job security.",,introductory article asking whether ai compete assist human reflects mixed afghan view automation productivity job security,0.34,Positive,0,AI Adoption in Afghan Daily Life & Education
103,Etilaat-e-Roz,2025-10-01,AI in Writing: How Far Should It Go?,https://www.etilaatroz.com/242926/artificial-intelligence-in-writing/,"Discussion of AI writing tools, their benefits, and risks for Afghan writers. Concerns include plagiarism, over-reliance on AI, and the future of creative work.",,discussion ai writing tool benefit risk afghan writer concern include plagiarism overreliance ai future creative work,0.5859,Positive,1,"AI Tools, Media Coverage & Public Awareness"
104,Etilaat-e-Roz,2025-08-19,Interpreting AI-Generated Texts: A Philosophical Perspective,https://www.etilaatroz.com/238573/the-verdict-of-the-hermeneutic-horizon/,Philosophical essay on how meaning and authorship change when text is produced by AI instead of humans. It raises questions relevant for universities and intellectual life in Afghanistan.,,philosophical essay meaning authorship change text produced ai instead human raise question relevant university intellectual life afghanistan,0.5106,Positive,2,"AI Policy, National Strategy & International Cooperation"
105,Shafaqna Afghanistan,2024-06-22,Seven Jobs in Afghanistan Most at Risk Due to AI,https://af.shafaqna.com/FA/605774,"Article lists seven professions at high risk of automation by AI, including translation, basic office work, and simple design tasks. It urges Afghan workers to update their skills for an AI-driven future.",,article list seven profession high risk automation ai including translation basic office work simple design task urge afghan worker update skill aidriven future,-0.2732,Negative,1,"AI Tools, Media Coverage & Public Awareness"
106,Afghanistan International,2025-05-09,Chinese Company Trains Taliban Officials in AI Technology,https://www.afintl.com/202505098832,Report says a Chinese firm is training Taliban-linked engineers and officials in AI for use in managing the Aynak copper mine. Analysts debate whether this strengthens the economy or deepens foreign dependence.,,report say chinese firm training talibanlinked engineer official ai use managing aynak copper mine analyst debate whether strengthens economy deepens foreign dependence,0.4588,Positive,0,AI Adoption in Afghan Daily Life & Education
107,Afghanistan International,2025-05-25,Iran Uses AI Systems to Control Shared Border With Afghanistan,https://www.afintl.com/fa/202505251041,News story quoting an Iranian official who says AI and electronic systems are being used to control the Iran–Afghanistan border. The report frames AI primarily as a tool of surveillance and security.,,news story quoting iranian official say ai electronic system used control iranafghanistan border report frame ai primarily tool surveillance security,0.34,Positive,1,"AI Tools, Media Coverage & Public Awareness"
108,Afghanistan International,2025-10-24,Study Finds Half of AI-Generated News Information Is Incorrect,https://www.afintl.com/202510248599,The article summarises a study showing that a large portion of AI-generated news content contains factual errors. Afghan journalists caution against replacing professional reporting with AI assistants.,,article summarises study showing large portion aigenerated news content contains factual error afghan journalist caution replacing professional reporting ai assistant,-0.4019,Negative,1,"AI Tools, Media Coverage & Public Awareness"
109,Afghanistan International,2025-10-21,BBC Report Explores Religious Uses of AI Technology,https://www.afintl.com/202510211162,This piece relays a BBC report about AI systems that answer religious questions based on sacred texts. Afghan scholars discuss whether such tools are appropriate in Islamic contexts.,,piece relay bbc report ai system answer religious question based sacred text afghan scholar discus whether tool appropriate islamic context,0.0,Neutral,0,AI Adoption in Afghan Daily Life & Education
110,Afghanistan International,2025-05-11,AI-Powered Robot Pet Unveiled in London,https://www.afintl.com/video/ott_d3c88ab2523c4f7f959375ee4978bd13,Light feature story about an AI-powered robot pet showcased in London. It introduces Afghan viewers to creative and entertainment-focused uses of AI beyond conflict and politics.,,light feature story aipowered robot pet showcased london introduces afghan viewer creative entertainmentfocused us ai beyond conflict politics,0.1531,Positive,1,"AI Tools, Media Coverage & Public Awareness"
111,Kardan University,2024-12-12,National Conference on AI in Afghanistan (NCAI 2024),https://kardan.edu.af/research/conferences/ncai-2024,"Announcement of a national AI conference hosted by Kardan University, aiming to gather Afghan researchers and practitioners to discuss AI opportunities, challenges, and policy.",,announcement national ai conference hosted kardan university aiming gather afghan researcher practitioner discus ai opportunity challenge policy,0.4767,Positive,1,"AI Tools, Media Coverage & Public Awareness"
112,Kabul University – Journal of Natural Sciences,2025-05-22,Smart Agriculture in Afghanistan Using AI and IoT,https://jns.edu.af/jns/article/view/124,Academic paper exploring how AI and IoT can improve Afghan agriculture through smart irrigation and monitoring. It notes obstacles such as poor connectivity and limited data-science expertise in rural areas.,,academic paper exploring ai iot improve afghan agriculture smart irrigation monitoring note obstacle poor connectivity limited datascience expertise rural area,-0.2263,Negative,0,AI Adoption in Afghan Daily Life & Education
